coupon,count
,4867
0Hw2Ld,1
0U2tau,1
4FJF1Y,1
7DvtvY,1
ADE50,3
BAAHUBALI2,9
BATTesting,1
BEBLRU,1
CLAbGm,1
CLARTIX15,1
FLYTIX,2
FREE2TIX,2
fUeZDh,1
IHAVEVOTED,5
ItsATrap,24
KANIKA,12
PIN17B6CON,9
PTR10,8
qIvQPB,1
RAJINI15,8
REF1Qj6Te,1
REFLTvqAV,1
REFwuOTjv,1
SATEST,1
SENSES0VKZGW,1
SENSES20FQQK,1
SENSES3RAQYB,1
SENSES9AMYL8,1
SENSESH7Z9GS,1
SENSESJR9LSD,1
SENSESN2AOKE,1
SENSESYUBDCE,1
SHABANA,137
shakti_free_tix,1
SPR10,2
SS15,10
Ss7jMh,1
SSFREE,1
SULTAN15,15
TIX10,16676
TIX25,1588
Tix2Shaadi,6
TIX50,64182
TIX50CC,13161
TIX60,3
TIX65,4
TIX753,5
TIXBAAHUBALI,1
TIXBADRI,8
TIXBANJO,4
TIXCASH70,3
TIXCOP,1
TIXDANGAL,6
TIXDHONI,6
TIXDIWALI,22
TIXDO19PP41,1
TIXDO2BDTJA,1
TIXDO3UXTVU,1
TIXDO3YSN4E,1
TIXDO64S3S1,1
TIXDO64WXB7,1
TIXDO93IL4P,1
TIXDO9CUBM4,1
TIXDOA1CKAQ,1
TIXDOB2A3PW,1
TIXDOCOCS79,1
TIXDOCSU9X1,1
TIXDODP7XYR,1
TIXDOEGMDT1,1
TIXDOEVPVIW,1
TIXDOFG7M6G,1
TIXDOHPR9TE,1
TIXDOIRAAAU,1
TIXDOKD2FSO,1
TIXDON0XWNI,1
TIXDONU2CCL,1
TIXDOOOJ81H,1
TIXDOPGFZ04,1
TIXDOPQ0LI2,1
TIXDOREV0TM,1
TIXDOS9CO2C,1
TIXDOT2QDZN,1
TIXDOUBLE,5
TIXDOV2APZ7,1
TIXDOVG43AH,1
TIXDOXP3F76,1
TIXFAN,6
TIXFANWIN,1
TIXFINAL60,13
TIXFINAL90,44
TIXGALAXY,1
TIXHERO,5
TIXJACK,9
TIXJOLLY,6
TIXKAHAANI,8
TIXLOGAN,7
TIXMIRZYA,2
TIXNEW,7
TIXNOOR,5
TIXPASS,8
TIXPHILLAURI,11
TIXREF,8
TIXROCKON,6
TIXROGUE,5
TIXSHABANA,7
tixsixty,1
TIXSMASH10,1
TIXSMASH11,1
TIXSMASH14,1
TIXSMASH15,1
TIXSMASH5,1
TIXSMASH6,1
TIXSMASH7,1
TIXSMASH8,1
TIXSMASH9,1
TIXTEST60,1
TIXTHRILLS,7
TIXTRAPPED,2
TIXTREAT,9
TIXTWIST,7
TIXWONDER,1
TIXZINDAGI,81
tqm6He,1
,5673